{"Revenue Amount (in KWD)":{"2002\/2003":141631309.476000011,"2003\/2004":179723614.949000001,"2004\/2005":159115527.8030000031,"2005\/2006":146109745.4469999969,"2006\/2007":115853560.8029999882,"2007\/2008":173413724.7640000284,"2008\/2009":155950831.59799999,"2009\/2010":165893481.4129999876,"2010\/2011":161550352.8970000148,"2011\/2012":126595892.6449999958,"2012\/2013":186900292.1920000017}}